"";"Label";"Param";"Source";"Estimate, 95%CI";"Distribution";"Units"
"1";"Mammaca., resection";"Surv_no_tx";"Calculated from tx effect";"0.97 (0.96 - 0.98)";"Calc_from_tx_eff";"Probability per year"
"2";"Mammaca., resection";"Surv_tx";"IKNL";"0.98 (0.98 - 0.98)";"Triangle";"Probability per year"
"3";"Mammaca., resection";"Tx_eff";"Soran A, Ozmen V, Ozbas S, et al. Ann Surg Oncol 2018;25:3141-3149";"0.68 (0.50 - 0.88)";"Lognormal";"OR/HR/RR"
"4";"Mammaca., resection";"QoL_no_tx";"WHO";"0.75 (0.68 - 0.79)";"Triangle";"Utility"
"5";"Mammaca., resection";"QoL_tx";"WHO";"0.95 (0.93 - 0.96)";"Triangle";"Utility"
"6";"Mammaca., resection";"Age";"Bleicher R, Ruth K, Sigurdson E, et al. JAMA Onco. 2016;2(3):330-339";"60.56 (60.15 - 60.97)";"Normal";"Years"
"7";"Mammaca., resection";"Time_noeff_Surv";"Bleicher R, Ruth K, Sigurdson E, et al. JAMA Onco. 2016;2(3):330-339";"21.36 (18.28 - 24.69)";"Triangle";"Weeks"
"8";"Mammaca., mastectomy";"Surv_no_tx";"Calculated from tx effect";"0.97 (0.96 - 0.98)";"Calc_from_tx_eff";"Probability per year"
"9";"Mammaca., mastectomy";"Surv_tx";"IKNL";"0.98 (0.98 - 0.98)";"Triangle";"Probability per year"
"10";"Mammaca., mastectomy";"Tx_eff";"Soran A, Ozmen V, Ozbas S, et al. Ann Surg Oncol 2018;25:3141-3149";"0.65 (0.50 - 0.80)";"Lognormal";"OR/HR/RR"
"11";"Mammaca., mastectomy";"QoL_no_tx";"WHO";"0.75 (0.68 - 0.80)";"Triangle";"Utility"
"12";"Mammaca., mastectomy";"QoL_tx";"WHO";"0.87 (0.82 - 0.91)";"Triangle";"Utility"
"13";"Mammaca., mastectomy";"Age";"Bleicher R, Ruth K, Sigurdson E, et al. JAMA Onco. 2016;2(3):330-339";"60.55 (60.12 - 60.96)";"Normal";"Years"
"14";"Mammaca., mastectomy";"Time_noeff_Surv";"Bleicher R, Ruth K, Sigurdson E, et al. JAMA Onco. 2016;2(3):330-339";"21.98 (18.61 - 24.50)";"Triangle";"Weeks"
"15";"ESRD, transplant";"Surv_no_tx";"Calculated from tx effect";"0.93 (0.91 - 0.95)";"Calc_from_tx_eff";"Probability per year"
"16";"ESRD, transplant";"Surv_tx";"https://www.usrds.org/2015/view/";"0.96 (0.96 - 0.96)";"Normal";"Probability per year"
"17";"ESRD, transplant";"Tx_eff";"Rømming Sørensen V, Heaf J, Wehberg S, et al. Transplantation 2016;100(10):2160-2167";"0.56 (0.44 - 0.75)";"Lognormal";"OR/HR/RR"
"18";"ESRD, transplant";"QoL_no_tx";"WHO";"0.44 (0.32 - 0.56)";"Triangle";"Utility"
"19";"ESRD, transplant";"QoL_tx";"WHO";"0.97 (0.96 - 0.98)";"Triangle";"Utility"
"20";"ESRD, transplant";"Age";"https://optn.transplant.hrsa.gov/data/view-data-reports/national-data/";"54.11 (45.25 - 63.85)";"Normal";"Years"
"21";"HCC, resection";"Surv_no_tx";"Calculated from tx effect";"0.83 (0.77 - 0.88)";"Calc_from_tx_eff";"Probability per year"
"22";"HCC, resection";"Surv_tx";"IKNL";"0.89 (0.88 - 0.89)";"Triangle";"Probability per year"
"23";"HCC, resection";"Tx_eff";"Nakano R, Ohira M, Kobayashi T, et al. Surgery 2018;164(2):219-226";"0.63 (0.47 - 0.87)";"Lognormal";"OR/HR/RR"
"24";"HCC, resection";"QoL_no_tx";"Experts";"0.76 (0.72 - 0.79)";"Triangle";"Utility"
"25";"HCC, resection";"QoL_tx";"Experts";"0.92 (0.91 - 0.93)";"Triangle";"Utility"
"26";"HCC, resection";"Age";"Wang J, Yan C, Fu A. Medicine (Baltimore) 2019;98(44):e17552";"58.94 (56.33 - 61.66)";"Normal";"Years"
"27";"HCC, resection";"Time_noeff_Surv";"Lim C, Bhangui P, Salloum C, et al. J Hepatol 2017;S0168-8278(17)32331-0";"41.34 (35.01 - 48.82)";"Triangle";"Weeks"
"28";"Liver metastasis colonca, resection";"Surv_no_tx";"IKNL";"0.52 (0.31 - 0.69)";"Triangle";"Probability per year"
"29";"Liver metastasis colonca, resection";"Surv_tx";"IKNL";"0.75 (0.75 - 0.76)";"Triangle";"Probability per year"
"30";"Liver metastasis colonca, resection";"QoL_no_tx";"WHO";"0.54 (0.44 - 0.65)";"Triangle";"Utility"
"31";"Liver metastasis colonca, resection";"QoL_tx";"WHO";"0.95 (0.93 - 0.96)";"Triangle";"Utility"
"32";"Liver metastasis colonca, resection";"Age";"Chen E, Mayo S, Sutton T, et al. J Gastrointest Cancer 2020";"62.13 (60.54 - 63.84)";"Normal";"Years"
"33";"Liver metastasis colonca, resection";"Time_noeff_Surv";"Chen E, Mayo S, Sutton T, et al. J Gastrointest Cancer 2020";"51.56 (44.53 - 58.76)";"Triangle";"Weeks"
"34";"Ovarium ca., resection and HIPEC";"Surv_no_tx";"Calculated from tx effect";"0.76 (0.75 - 0.76)";"Calc_from_tx_eff";"Probability per year"
"35";"Ovarium ca., resection and HIPEC";"Surv_tx";"Shalowitz D, Epstein A, Ko E, et al. Gynecologic Oncology 2016;142:30-37";"0.86 (0.86 - 0.87)";"Triangle";"Probability per year"
"36";"Ovarium ca., resection and HIPEC";"Tx_eff";"Shalowitz D, Epstein A, Ko E, et al. Gynecologic Oncology 2016;142:30-37";"0.53 (0.52 - 0.54)";"Lognormal";"OR/HR/RR"
"37";"Ovarium ca., resection and HIPEC";"QoL_no_tx";"WHO";"0.73 (0.68 - 0.79)";"Triangle";"Utility"
"38";"Ovarium ca., resection and HIPEC";"QoL_tx";"WHO";"0.95 (0.93 - 0.96)";"Triangle";"Utility"
"39";"Ovarium ca., resection and HIPEC";"Age";"Shalowitz D, Epstein A, Ko E, et al. Gynecologic Oncology 2016;142:30-37";"59.79 (59.72 - 59.86)";"Normal";"Years"
"40";"Ovarium ca., resection and HIPEC";"Time_noeff_Surv";"Stewart J, Tone A, Jiang H, et al. Can J Surg 2016;59(4):223-32";"16.26 (13.21 - 19.08)";"Triangle";"Weeks"
"41";"Pancreasca., Whipple";"Surv_no_tx";"Calculated from tx effect";"0.42 (0.28 - 0.54)";"Calc_from_tx_eff";"Probability per year"
"42";"Pancreasca., Whipple";"Surv_tx";"IKNL";"0.71 (0.70 - 0.72)";"Triangle";"Probability per year"
"43";"Pancreasca., Whipple";"Tx_eff";"Chakraborty S, Singh S. Ann Gastroenterol. 2013;26(4):346-352";"0.40 (0.28 - 0.56)";"Lognormal";"OR/HR/RR"
"44";"Pancreasca., Whipple";"QoL_no_tx";"WHO";"0.71 (0.63 - 0.78)";"Triangle";"Utility"
"45";"Pancreasca., Whipple";"QoL_tx";"WHO";"0.95 (0.93 - 0.96)";"Triangle";"Utility"
"46";"Pancreasca., Whipple";"Age";"Kirkegård J, Mortensen F, Hansen C, et al. Eur J Surg Oncol. 2019;45(10):1901-1905";"67.04 (66.28 - 67.53)";"Normal";"Years"
"47";"Pancreasca., Whipple";"Time_noeff_Surv";"Kirkegård J, Mortensen F, Hansen C, et al. Eur J Surg Oncol. 2019;45(10):1901-1905";"29.79 (15.19 - 46.70)";"Triangle";"Weeks"
"48";"Cholangeoca., resection";"Surv_no_tx";"Piehler J, Crichlow R. Arch Surg. 1977;112(1):26-30";"0.67 (0.60 - 0.74)";"Triangle";"Probability per year"
"49";"Cholangeoca., resection";"Surv_tx";"IKNL";"0.82 (0.81 - 0.83)";"Triangle";"Probability per year"
"50";"Cholangeoca., resection";"QoL_no_tx";"WHO";"0.67 (0.59 - 0.75)";"Triangle";"Utility"
"51";"Cholangeoca., resection";"QoL_tx";"WHO";"0.99 (0.98 - 0.99)";"Triangle";"Utility"
"52";"Cholangeoca., resection";"Age";"Ruys A, Heuts S, Rauw E, et al. HPB (Oxford) 2014;16(5):469-74";"63.98 (62.46 - 65.80)";"Normal";"Years"
"53";"Cholangeoca., resection";"Time_noeff_Surv";"Ruys A, Heuts S, Rauw E, et al. HPB (Oxford) 2014;16(5):469-74";"133.09 (68.08 - 200.20)";"Triangle";"Weeks"
"54";"ESLD, transplant";"Surv_no_tx";"Kim W, Lake J, Smith J, et al. Scientific registry of transplant recipients 2016";"0.90 (0.90 - 0.91)";"Normal";"Probability per year"
"55";"ESLD, transplant";"Surv_tx";"Kim W, Lake J, Smith J, et al. Scientific registry of transplant recipients 2016";"0.94 (0.94 - 0.94)";"Normal";"Probability per year"
"56";"ESLD, transplant";"QoL_no_tx";"Experts";"0.29 (0.25 - 0.32)";"Triangle";"Utility"
"57";"ESLD, transplant";"QoL_tx";"Experts";"0.76 (0.73 - 0.80)";"Triangle";"Utility"
"58";"ESLD, transplant";"Age";"https://optn.transplant.hrsa.gov/data/view-data-reports/national-data/";"57.37 (50.51 - 63.93)";"Normal";"Years"
"59";"High-grade glioma, resection";"Surv_no_tx";"Calculated from tx effect";"0.47 (0.45 - 0.48)";"Calc_from_tx_eff";"Probability per year"
"60";"High-grade glioma, resection";"Surv_tx";"IKNL";"0.58 (0.57 - 0.59)";"Normal";"Probability per year"
"61";"High-grade glioma, resection";"Tx_eff";"Noorbakhsh A, Tang J, Marcus L, et al. J Neurosurg 2014;120:31-39";"0.72 (0.71 - 0.73)";"Lognormal";"OR/HR/RR"
"62";"High-grade glioma, resection";"QoL_no_tx";"WHO";"0.55 (0.54 - 0.56)";"Triangle";"Utility"
"63";"High-grade glioma, resection";"QoL_tx";"WHO";"0.64 (0.62 - 0.66)";"Triangle";"Utility"
"64";"High-grade glioma, resection";"Age";"Noorbakhsh A, Tang J, Marcus L, et al. J Neurosurg 2014;120:31-39";"61.31 (61.08 - 61.51)";"Normal";"Years"
"65";"Low-grade glioma, resection";"Surv_no_tx";"Calculated from tx effect";"0.91 (0.90 - 0.92)";"Calc_from_tx_eff";"Probability per year"
"66";"Low-grade glioma, resection";"Surv_tx";"IKNL";"0.92 (0.92 - 0.93)";"Normal";"Probability per year"
"67";"Low-grade glioma, resection";"Tx_eff";"Jakola A, Myrmel K, Kloster R. et al. JAMA 2012;308(18):1881-1888";"0.81 (0.76 - 0.86)";"Lognormal";"OR/HR/RR"
"68";"Low-grade glioma, resection";"QoL_no_tx";"WHO";"0.71 (0.65 - 0.76)";"Triangle";"Utility"
"69";"Low-grade glioma, resection";"QoL_tx";"WHO";"0.83 (0.80 - 0.84)";"Triangle";"Utility"
"70";"Low-grade glioma, resection";"Age";"Jakola A, Myrmel K, Kloster R. et al. JAMA 2012;308(18):1881-1888";"45.00 (42.60 - 47.04)";"Normal";"Years"
"71";"Mild larynx ca., resection";"Surv_no_tx";"Calculated from tx effect";"0.72 (0.38 - 0.92)";"Calc_from_tx_eff";"Probability per year"
"72";"Mild larynx ca., resection";"Surv_tx";"IKNL";"0.93 (0.92 - 0.94)";"Triangle";"Probability per year"
"73";"Mild larynx ca., resection";"Tx_eff";"Warner L, Chudasama J, Kelly C, et al. Cochrane Systematic Review 2014";"0.22 (0.08 - 0.84)";"Lognormal";"OR/HR/RR"
"74";"Mild larynx ca., resection";"QoL_no_tx";"WHO";"0.71 (0.63 - 0.79)";"Triangle";"Utility"
"75";"Mild larynx ca., resection";"QoL_tx";"WHO";"0.95 (0.93 - 0.96)";"Triangle";"Utility"
"76";"Mild larynx ca., resection";"Age";"Pedregal-Mallo D, Sánchez Canteli M, López F, et al. Laryngology 2018;275:2071-2077";"63.00 (61.62 - 64.44)";"Normal";"Years"
"77";"Mild larynx ca., resection";"Time_noeff_Surv";"Morse E, Fujiwara R, Judson B, et al. Head and neck surgery 2018;159(2):283-292";"36.53 (23.41 - 48.70)";"Triangle";"Weeks"
"78";"NSCLC, lobectomy";"Surv_no_tx";"Ginsberg R, Rubinstein L. Ann Thorac Surg 1995;60(3):615-22";"0.84 (0.80 - 0.88)";"Triangle";"Probability per year"
"79";"NSCLC, lobectomy";"Surv_tx";"IKNL";"0.92 (0.91 - 0.92)";"Triangle";"Probability per year"
"80";"NSCLC, lobectomy";"QoL_no_tx";"WHO";"0.56 (0.47 - 0.65)";"Triangle";"Utility"
"81";"NSCLC, lobectomy";"QoL_tx";"WHO";"0.95 (0.93 - 0.97)";"Triangle";"Utility"
"82";"NSCLC, lobectomy";"Age";"Kann B, Verma V, Stahl J, et al. Radiother Oncol 2019;134:44-49";"78.97 (78.52 - 79.50)";"Normal";"Years"
"83";"NSCLC, lobectomy";"Time_noeff_Surv";"Salomaa E, Sällinen S, Hiekkanen H, et al. Chest 2005;128(4):2282-8";"11.77 (7.44 - 16.04)";"Triangle";"Weeks"
"84";"Oral ca., resection";"Surv_no_tx";"Calculated from tx effect";"0.90 (0.79 - 0.95)";"Calc_from_tx_eff";"Probability per year"
"85";"Oral ca., resection";"Surv_tx";"IKNL";"0.93 (0.93 - 0.93)";"Triangle";"Probability per year"
"86";"Oral ca., resection";"Tx_eff";"Fein D, Mendenhall W, Parsons J, et al. Head & Neck 1994;16:358-365";"0.67 (0.30 - 1.47)";"Lognormal";"OR/HR/RR"
"87";"Oral ca., resection";"QoL_no_tx";"WHO";"0.71 (0.64 - 0.79)";"Triangle";"Utility"
"88";"Oral ca., resection";"QoL_tx";"WHO";"0.95 (0.94 - 0.97)";"Triangle";"Utility"
"89";"Oral ca., resection";"Age";"van Harten M, de Ridder M, Hamming-Vrieze O, et al. Oral Oncology 2014;50(4):282-290";"60.98 (60.47 - 61.52)";"Normal";"Years"
"90";"Oral ca., resection";"Time_noeff_Surv";"van Harten M, de Ridder M, Hamming-Vrieze O, et al. Oral Oncology 2014;50(4):282-290";"14.44 (7.90 - 22.61)";"Triangle";"Weeks"
"91";"COPD, bullectomy";"Surv_no_tx";"Calculated from tx effect";"0.95 (0.95 - 0.96)";"Calc_from_tx_eff";"Probability per year"
"92";"COPD, bullectomy";"Surv_tx";"Haruna A, Muro S, Nakano Y, et al. Chest 2010;183(3):635-640";"0.95 (0.95 - 0.96)";"Triangle";"Probability per year"
"93";"COPD, bullectomy";"Tx_eff";"Clinical insight";"1.00 (0.98 - 1.02)";"Lognormal";"OR/HR/RR"
"94";"COPD, bullectomy";"QoL_no_tx";"Experts";"0.37 (0.35 - 0.40)";"Triangle";"Utility"
"95";"COPD, bullectomy";"QoL_tx";"Experts";"0.49 (0.46 - 0.52)";"Triangle";"Utility"
"96";"COPD, bullectomy";"Age";"Haruna A, Muro S, Nakano Y, et al. Chest 2010;183(3):635-640";"68.72 (67.85 - 69.55)";"Normal";"Years"
"97";"Empyema, VATS";"Surv_no_tx";"Calculated from tx effect";"1.00 (0.93 - 1.00)";"Calc_from_tx_eff";"Probability per year"
"98";"Empyema, VATS";"Surv_tx";"Chung J, Lee S, Kim K, et al. Ann Thorac Surg 2014;97(1):224-9";"1.00 (0.99 - 1.00)";"Triangle";"Probability per year"
"99";"Empyema, VATS";"Tx_eff";"Redden M, Chin T, van Driel M. Cochrance Database Syst Rev 2017;3:CD010651";"0.72 (0.06 - 25.84)";"Lognormal";"OR/HR/RR"
"100";"Empyema, VATS";"QoL_no_tx";"Experts";"0.58 (0.55 - 0.61)";"Triangle";"Utility"
"101";"Empyema, VATS";"QoL_tx";"Experts";"0.85 (0.82 - 0.88)";"Triangle";"Utility"
"102";"Empyema, VATS";"Age";"Mikkola R, Kelehaara J, Heikkinnen J et al. World J Surg 2010;34(2):266-71";"51.44 (49.08 - 53.50)";"Normal";"Years"
"103";"Pleurodesis for pneumothorax";"Surv_no_tx";"Clinical insight";"0.99 (0.99 - 0.99)";"Triangle";"Probability per year"
"104";"Pleurodesis for pneumothorax";"Surv_tx";"Clinical insight";"0.99 (0.99 - 0.99)";"Triangle";"Probability per year"
"105";"Pleurodesis for pneumothorax";"QoL_no_tx";"Experts";"0.75 (0.69 - 0.82)";"Triangle";"Utility"
"106";"Pleurodesis for pneumothorax";"QoL_tx";"Experts";"0.98 (0.98 - 0.99)";"Triangle";"Utility"
"107";"Pleurodesis for pneumothorax";"Age";"Lippert H, Lund O, Blegvad S, et al. Eur Respir J 1991;4:324-331";"34.21 (31.65 - 37.11)";"Normal";"Years"
"108";"ESHF, LVAD";"Surv_no_tx";"Rose E, Gelijns A, Moskowitz A, et al. N Engl J Med 2001;345(20):1435-43";"0.23 (0.15 - 0.31)";"Triangle";"Probability per year"
"109";"ESHF, LVAD";"Surv_tx";"Rose E, Gelijns A, Moskowitz A, et al. N Engl J Med 2001;345(20):1435-43";"0.55 (0.45 - 0.65)";"Triangle";"Probability per year"
"110";"ESHF, LVAD";"QoL_no_tx";"Experts";"0.30 (0.27 - 0.33)";"Triangle";"Utility"
"111";"ESHF, LVAD";"QoL_tx";"Experts";"0.61 (0.57 - 0.64)";"Triangle";"Utility"
"112";"ESHF, LVAD";"Age";"Rose E, Gelijns A, Moskowitz A, et al. N Engl J Med 2001;345(20):1435-43";"68.15 (66.26 - 70.02)";"Normal";"Years"
"113";"Instable AP, CABG";"Surv_no_tx";"Calculated from tx effect";"0.95 (0.94 - 0.97)";"Calc_from_tx_eff";"Probability per year"
"114";"Instable AP, CABG";"Surv_tx";"NHR";"0.97 (0.97 - 0.98)";"Triangle";"Probability per year"
"115";"Instable AP, CABG";"Tx_eff";"Yusuf S, Zucker D, Passamani E, et al. The Lancet 1994;344(8922):563-570";"0.61 (0.48 - 0.78)";"Lognormal";"OR/HR/RR"
"116";"Instable AP, CABG";"QoL_no_tx";"Experts";"0.82 (0.80 - 0.85)";"Triangle";"Utility"
"117";"Instable AP, CABG";"QoL_tx";"Experts";"0.97 (0.97 - 0.98)";"Triangle";"Utility"
"118";"Instable AP, CABG";"Age";"NHR";"66.04 (58.27 - 75.11)";"Normal";"Years"
"119";"Instable AP, PCI";"Surv_no_tx";"Calculated from tx effect";"0.92 (0.91 - 0.94)";"Calc_from_tx_eff";"Probability per year"
"120";"Instable AP, PCI";"Surv_tx";"NHR";"0.95 (0.94 - 0.95)";"Triangle";"Probability per year"
"121";"Instable AP, PCI";"Tx_eff";"Keeley E, Boura J, Grines C, et al. The Lancet 2003;361(9351):13-20";"0.71 (0.59 - 0.88)";"Lognormal";"OR/HR/RR"
"122";"Instable AP, PCI";"QoL_no_tx";"Experts";"0.82 (0.80 - 0.84)";"Triangle";"Utility"
"123";"Instable AP, PCI";"QoL_tx";"Experts";"0.97 (0.97 - 0.98)";"Triangle";"Utility"
"124";"Instable AP, PCI";"Age";"NHR";"64.54 (54.75 - 79.16)";"Normal";"Years"
"125";"Pacemaker implantation";"Surv_no_tx";"Calculated from tx effect";"0.82 (0.71 - 0.89)";"Calc_from_tx_eff";"Probability per year"
"126";"Pacemaker implantation";"Surv_tx";"Brunner M, Olschewski M, Geibel A, et al. Eur Heart J 2004;25(1):88-95";"0.92 (0.92 - 0.92)";"Triangle";"Probability per year"
"127";"Pacemaker implantation";"Tx_eff";"Moss A, Hall W, Cannom D, et al. N Engl J Med 1996;335(26)1933-40";"0.44 (0.25 - 0.69)";"Lognormal";"OR/HR/RR"
"128";"Pacemaker implantation";"QoL_no_tx";"WHO";"0.77 (0.71 - 0.83)";"Triangle";"Utility"
"129";"Pacemaker implantation";"QoL_tx";"WHO";"0.98 (0.96 - 1.00)";"Triangle";"Utility"
"130";"Pacemaker implantation";"Age";"NHR";"61.25 (51.19 - 70.00)";"Normal";"Years"
"131";"AAA, EVAR";"Surv_no_tx";"Scott S, Batchelder A, Kirkbride D, et al. Eur J Vasc Endovasc Surg 2016;52(4):444-449";"0.84 (0.83 - 0.85)";"Triangle";"Probability per year"
"132";"AAA, EVAR";"Surv_tx";"Brewster D, Jones J, Chung T, et al. Ann Surg. 2006;244(3):426-38";"0.88 (0.87 - 0.88)";"Triangle";"Probability per year"
"133";"AAA, EVAR";"QoL_no_tx";"Experts";"0.70 (0.67 - 0.73)";"Triangle";"Utility"
"134";"AAA, EVAR";"QoL_tx";"Experts";"0.87 (0.86 - 0.89)";"Triangle";"Utility"
"135";"AAA, EVAR";"Age";"Scott S, Batchelder A, Kirkbride D, et al. Eur J Vasc Endovasc Surg 2016;52(4):444-449";"73.13 (71.12 - 74.62)";"Normal";"Years"
"136";"AAA, surgical repair";"Surv_no_tx";"Scott S, Batchelder A, Kirkbride D, et al. Eur J Vasc Endovasc Surg 2016;52(4):444-449";"0.84 (0.83 - 0.85)";"Triangle";"Probability per year"
"137";"AAA, surgical repair";"Surv_tx";"Nathan D, Brinster C, Jackson B, et al. J Vasc Surg 2011;54(5)1237-43";"0.92 (0.92 - 0.92)";"Triangle";"Probability per year"
"138";"AAA, surgical repair";"QoL_no_tx";"Experts";"0.69 (0.65 - 0.72)";"Triangle";"Utility"
"139";"AAA, surgical repair";"QoL_tx";"Experts";"0.90 (0.88 - 0.91)";"Triangle";"Utility"
"140";"AAA, surgical repair";"Age";"Nathan D, Brinster C, Jackson B, et al. J Vasc Surg 2011;54(5)1237-43";"71.74 (63.62 - 79.82)";"Normal";"Years"
"141";"Carotid endarterectomy";"Surv_no_tx";"European Carotid Surgery Trialists' Collaborative Group The Lancet 1998;351(9113):1379-1387";"0.96 (0.96 - 0.97)";"Triangle";"Probability per year"
"142";"Carotid endarterectomy";"Surv_tx";"European Carotid Surgery Trialists' Collaborative Group The Lancet 1998;351(9113):1379-1387";"0.97 (0.97 - 0.97)";"Triangle";"Probability per year"
"143";"Carotid endarterectomy";"QoL_no_tx";"Experts";"0.70 (0.66 - 0.73)";"Triangle";"Utility"
"144";"Carotid endarterectomy";"QoL_tx";"Experts";"0.82 (0.80 - 0.85)";"Triangle";"Utility"
"145";"Carotid endarterectomy";"Age";"European Carotid Surgery Trialists' Collaborative Group The Lancet 1998;351(9113):1379-1387";"62.46 (62.18 - 62.84)";"Normal";"Years"
"146";"Carotid endarterectomy";"Time_noeff_QoL";"European Carotid Surgery Trialists' Collaborative Group The Lancet 1998;351(9113):1379-1387";"58.53 (31.97 - 93.59)";"Triangle";"weeks"
"147";"PAD F2, bypass";"Surv_no_tx";"Calculated from tx effect";"0.90 (0.89 - 0.90)";"Calc_from_tx_eff";"Probability per year"
"148";"PAD F2, bypass";"Surv_tx";"Muluk S, Muluk V, Kelley M, et al. J Vasc Surg 2001;33(2):251-7";"0.90 (0.89 - 0.90)";"Triangle";"Probability per year"
"149";"PAD F2, bypass";"Tx_eff";"Clinical insight";"1.00 (0.98 - 1.02)";"Normal";"OR/HR/RR"
"150";"PAD F2, bypass";"QoL_no_tx";"Experts";"0.63 (0.59 - 0.67)";"Triangle";"Utility"
"151";"PAD F2, bypass";"QoL_tx";"Experts";"0.80 (0.75 - 0.84)";"Triangle";"Utility"
"152";"PAD F2, bypass";"Age";"Muluk S, Muluk V, Kelley M, et al. J Vasc Surg 2001;33(2):251-7";"64.67 (64.38 - 64.97)";"Normal";"Years"
"153";"ESRD, shunt";"Surv_no_tx";"Calculated from tx effect";"0.96 (0.96 - 0.96)";"Calc_from_tx_eff";"Probability per year"
"154";"ESRD, shunt";"Surv_tx";"https://www.usrds.org/2015/view/.";"0.96 (0.96 - 0.96)";"Triangle";"Probability per year"
"155";"ESRD, shunt";"Tx_eff";"Clinical insight";"1.00 (0.99 - 1.02)";"Triangle";"OR/HR/RR"
"156";"ESRD, shunt";"QoL_no_tx";"Experts";"0.44 (0.42 - 0.46)";"Triangle";"Utility"
"157";"ESRD, shunt";"QoL_tx";"Experts";"0.53 (0.50 - 0.56)";"Triangle";"Utility"
"158";"ESRD, shunt";"Age";"https://www.usrds.org/2015/view/.";"55.27 (47.09 - 64.01)";"Normal";"Years"
"159";"Low-risk endometrium ca, resection";"Surv_no_tx";"Shalowitz D, Epstein A, Buckingham L, et al. Am J Obstet Gynecol. 2017;216(3):368.e1-238.e18";"0.94 (0.93 - 0.95)";"Triangle";"Probability per year"
"160";"Low-risk endometrium ca, resection";"Surv_tx";"Shalowitz D, Epstein A, Buckingham L, et al. Am J Obstet Gynecol. 2017;216(3):368.e1-238.e18";"0.97 (0.97 - 0.97)";"Triangle";"Probability per year"
"161";"Low-risk endometrium ca, resection";"QoL_no_tx";"Experts";"0.83 (0.80 - 0.86)";"Triangle";"Utility"
"162";"Low-risk endometrium ca, resection";"QoL_tx";"Experts";"0.96 (0.95 - 0.97)";"Triangle";"Utility"
"163";"Low-risk endometrium ca, resection";"Age";"Shalowitz D, Epstein A, Buckingham L, et al. Am J Obstet Gynecol. 2017;216(3):368.e1-238.e18";"61.79 (61.68 - 61.89)";"Normal";"Years"
"164";"Low-risk endometrium ca, resection";"Time_noeff_Surv";"Shalowitz D, Epstein A, Buckingham L, et al. Am J Obstet Gynecol. 2017;216(3):368.e1-238.e18";"12.35 (10.55 - 14.31)";"Triangle";"Weeks"
"165";"High-risk endometrium ca, resection";"Surv_no_tx";"Shalowitz D, Epstein A, Buckingham L, et al. Am J Obstet Gynecol. 2017;216(3):368.e1-238.e18";"0.89 (0.88 - 0.90)";"Triangle";"Probability per year"
"166";"High-risk endometrium ca, resection";"Surv_tx";"Shalowitz D, Epstein A, Buckingham L, et al. Am J Obstet Gynecol. 2017;216(3):368.e1-238.e18";"0.92 (0.92 - 0.93)";"Triangle";"Probability per year"
"167";"High-risk endometrium ca, resection";"QoL_no_tx";"Experts";"0.71 (0.70 - 0.72)";"Triangle";"Utility"
"168";"High-risk endometrium ca, resection";"QoL_tx";"Experts";"0.90 (0.88 - 0.92)";"Triangle";"Utility"
"169";"High-risk endometrium ca, resection";"Age";"Shalowitz D, Epstein A, Buckingham L, et al. Am J Obstet Gynecol. 2017;216(3):368.e1-238.e18";"65.00 (64.92 - 65.07)";"Normal";"Years"
"170";"High-risk endometrium ca, resection";"Time_noeff_Surv";"Shalowitz D, Epstein A, Buckingham L, et al. Am J Obstet Gynecol. 2017;216(3):368.e1-238.e18";"19.23 (18.29 - 20.51)";"Triangle";"Weeks"
"171";"Cervical ca., resection";"Surv_no_tx";"Calculated from tx effect";"0.83 (0.79 - 0.86)";"Calc_from_tx_eff";"Probability per year"
"172";"Cervical ca., resection";"Surv_tx";"IKNL";"0.93 (0.92 - 0.93)";"Triangle";"Probability per year"
"173";"Cervical ca., resection";"Tx_eff";"Bansal N, Herzog T, Shaw R, et al. Am J Obstet Gynecol 2009;201:485.e1-9";"0.42 (0.33 - 0.52)";"Lognormal";"OR/HR/RR"
"174";"Cervical ca., resection";"QoL_no_tx";"WHO";"0.70 (0.63 - 0.79)";"Triangle";"Utility"
"175";"Cervical ca., resection";"QoL_tx";"WHO";"0.95 (0.93 - 0.96)";"Triangle";"Utility"
"176";"Cervical ca., resection";"Age";"Landoni F, Maneo A, Colombo A, et al. Lancet 1997;351(9077):535-40";"51.90 (49.90 - 53.59)";"Normal";"Years"
"177";"Cervical ca., resection";"Time_noeff_Surv";"Nanthamongkolkul K, Hanprasertpong J. J Gynecol Oncol. 2015;26(4):262-9";"7.70 (4.94 - 10.91)";"Triangle";"Weeks"
"178";"Colonca., HIPEC";"Surv_no_tx";"Verwaal V, Bruin S, Boot H, et al. Ann Surg Oncol. 2008;15(9):2426-32";"0.60 (0.53 - 0.67)";"Triangle";"Probability per year"
"179";"Colonca., HIPEC";"Surv_tx";"Verwaal V, Bruin S, Boot H, et al. Ann Surg Oncol. 2008;15(9):2426-32";"0.72 (0.67 - 0.76)";"Triangle";"Probability per year"
"180";"Colonca., HIPEC";"QoL_no_tx";"Experts";"0.52 (0.46 - 0.57)";"Triangle";"Utility"
"181";"Colonca., HIPEC";"QoL_tx";"Experts";"0.70 (0.64 - 0.76)";"Triangle";"Utility"
"182";"Colonca., HIPEC";"Age";"Verwaal V, Bruin S, Boot H, et al. Ann Surg Oncol. 2008;15(9):2426-32";"53.83 (50.88 - 56.57)";"Normal";"Years"
"183";"ASD, repair";"Surv_no_tx";"Calculated from tx effect";"0.97 (0.92 - 0.99)";"Calc_from_tx_eff";"Probability per year"
"184";"ASD, repair";"Surv_tx";"Nyboe C, Karunanithi Z, Nielsen-Kudsk J, et al. Eur Heart J. 2018;39(12):993-998";"0.99 (0.99 - 0.99)";"Triangle";"Probability per year"
"185";"ASD, repair";"Tx_eff";"Konstantinides S, Geibel An, Olschewski, M, et al. N Engl J Med 1995(333):469-473";"0.30 (0.12 - 0.83)";"Lognormal";"OR/HR/RR"
"186";"ASD, repair";"QoL_no_tx";"Experts";"0.79 (0.77 - 0.80)";"Triangle";"Utility"
"187";"ASD, repair";"QoL_tx";"Experts";"0.97 (0.96 - 0.98)";"Triangle";"Utility"
"188";"ASD, repair";"Age";"Nyboe C, Karunanithi Z, Nielsen-Kudsk J, et al. Eur Heart J. 2018;39(12):993-998";"45.37 (44.79 - 46.09)";"Normal";"Years"
"189";"Thyroid ca., resection";"Surv_no_tx";"Davies L, Welch H. Arch Otolaryngol Head Neck Surg. 2010;136(5):440-4";"1.00 (0.99 - 1.00)";"Triangle";"Probability per year"
"190";"Thyroid ca., resection";"Surv_tx";"Davies L, Welch H. Arch Otolaryngol Head Neck Surg. 2010;136(5):440-4";"1.00 (1.00 - 1.00)";"Triangle";"Probability per year"
"191";"Thyroid ca., resection";"QoL_no_tx";"Experts";"0.84 (0.80 - 0.87)";"Triangle";"Utility"
"192";"Thyroid ca., resection";"QoL_tx";"Experts";"0.94 (0.93 - 0.96)";"Triangle";"Utility"
"193";"Thyroid ca., resection";"Age";"Shin D, Cho J, Kim S, et al. Ann Surg Oncol. 2013;20(8):2468-76";"46.49 (46.11 - 46.88)";"Normal";"Years"
"194";"Thyroid ca., resection";"Time_noeff_Surv";"Shin D, Cho J, Kim S, et al. Ann Surg Oncol. 2013;20(8):2468-76";"31.78 (19.17 - 46.00)";"Triangle";"Weeks"
"195";"Mild salivary gland ca., resection";"Surv_no_tx";"Calculated from tx effect";"0.97 (0.95 - 0.98)";"Calc_from_tx_eff";"Probability per year"
"196";"Mild salivary gland ca., resection";"Surv_tx";"IKNL";"0.98 (0.97 - 0.98)";"Triangle";"Probability per year"
"197";"Mild salivary gland ca., resection";"Tx_eff";"Holtzman A, Morris C, Amdur R, et al. Acta Oncologica 2017;56(3):484-489";"0.61 (0.40 - 0.82)";"Lognormal";"OR/HR/RR"
"198";"Mild salivary gland ca., resection";"QoL_no_tx";"Experts";"0.83 (0.80 - 0.88)";"Triangle";"Utility"
"199";"Mild salivary gland ca., resection";"QoL_tx";"Experts";"0.87 (0.85 - 0.89)";"Triangle";"Utility"
"200";"Mild salivary gland ca., resection";"Age";"Holtzman A, Morris C, RObert A, et al. Acta Oncologica 2017;56(3):484-489";"57.96 (56.02 - 59.66)";"Normal";"Years"
"201";"Mild salivary gland ca., resection";"Time_noeff_Surv";"Morse E, Fujiwara R, Judson B, et al. Head and neck surgery 2018;159(2):283-292";"36.04 (21.58 - 48.11)";"Triangle";"Weeks"
"202";"UUT Ca., nefroureterectomy";"Surv_no_tx";"Calculated from tx effect";"0.77 (0.73 - 0.81)";"Calc_from_tx_eff";"Probability per year"
"203";"UUT Ca., nefroureterectomy";"Surv_tx";"IKNL";"0.82 (0.81 - 0.84)";"Triangle";"Probability per year"
"204";"UUT Ca., nefroureterectomy";"Tx_eff";"Huang C, Yang Y, Chen W, et al. Oncotarget 2017;8(45):79876-79883";"0.73 (0.61 - 0.89)";"Lognormal";"OR/HR/RR"
"205";"UUT Ca., nefroureterectomy";"QoL_no_tx";"Experts";"0.77 (0.73 - 0.81)";"Triangle";"Utility"
"206";"UUT Ca., nefroureterectomy";"QoL_tx";"Experts";"0.93 (0.92 - 0.94)";"Triangle";"Utility"
"207";"UUT Ca., nefroureterectomy";"Age";"Nazzani S, Preisser F, Mazzone E, et al. Clin Genitourinary Cancer 2019;17(3):e602-11";"74.02 (68.25 - 79.30)";"Normal";"Years"
"208";"UUT Ca., nefroureterectomy";"Time_noeff_Surv";"Lee J, Kwon S, Choi G, et al. J. Surg. Oncol. 2014;110:468-475";"12.34 (5.47 - 20.77)";"Triangle";"Weeks"
"209";"AV-stenosis, AVR, thoracotomy";"Surv_no_tx";"Bonow R, Greenland P. Circulation 2015;131:969-971";"0.65 (0.52 - 0.76)";"Triangle";"Probability per year"
"210";"AV-stenosis, AVR, thoracotomy";"Surv_tx";"NHR";"0.90 (0.87 - 0.93)";"Triangle";"Probability per year"
"211";"AV-stenosis, AVR, thoracotomy";"QoL_no_tx";"Experts";"0.60 (0.49 - 0.71)";"Triangle";"Utility"
"212";"AV-stenosis, AVR, thoracotomy";"QoL_tx";"Experts";"0.80 (0.69 - 0.92)";"Triangle";"Utility"
"213";"AV-stenosis, AVR, thoracotomy";"Age";"NHR";"67.34 (60.53 - 74.88)";"Normal";"Years"
"214";"AV-stenosis, AVR, thoracotomy";"Time_noeff_Surv";"Clinical insight";"55.46 (48.90 - 63.40)";"Triangle";"Weeks"
"215";"AV-stenosis, AVR, thoracotomy";"Time_noeff_QoL";"Clinical insight";"54.98 (48.60 - 62.60)";"Triangle";"weeks"
"216";"AV-insuff AVR, thoracotomy";"Surv_no_tx";"Clinical insight";"0.85 (0.81 - 0.89)";"Triangle";"Probability per year"
"217";"AV-insuff AVR, thoracotomy";"Surv_tx";"NHR";"0.91 (0.87 - 0.93)";"Triangle";"Probability per year"
"218";"AV-insuff AVR, thoracotomy";"QoL_no_tx";"Experts";"0.60 (0.49 - 0.72)";"Triangle";"Utility"
"219";"AV-insuff AVR, thoracotomy";"QoL_tx";"Experts";"0.81 (0.70 - 0.90)";"Triangle";"Utility"
"220";"AV-insuff AVR, thoracotomy";"Age";"NHR";"65.97 (56.30 - 74.03)";"Normal";"Years"
"221";"AV-insuff AVR, thoracotomy";"Time_noeff_Surv";"Clinical insight";"54.21 (47.99 - 64.32)";"Triangle";"Weeks"
"222";"AV-insuff AVR, thoracotomy";"Time_noeff_QoL";"Clinical insight";"56.32 (48.94 - 64.50)";"Triangle";"weeks"
"223";"AVR, TAVI";"Surv_no_tx";"Clinical insight";"0.65 (0.53 - 0.77)";"Triangle";"Probability per year"
"224";"AVR, TAVI";"Surv_tx";"NHR";"0.94 (0.93 - 0.96)";"Triangle";"Probability per year"
"225";"AVR, TAVI";"QoL_no_tx";"Experts";"0.61 (0.50 - 0.72)";"Triangle";"Utility"
"226";"AVR, TAVI";"QoL_tx";"Experts";"0.79 (0.69 - 0.91)";"Triangle";"Utility"
"227";"AVR, TAVI";"Age";"NHR";"78.20 (72.33 - 86.97)";"Normal";"Years"
"228";"AVR, TAVI";"Time_noeff_Surv";"Clinical insight";"37.98 (29.09 - 48.45)";"Triangle";"Weeks"
"229";"AVR, TAVI";"Time_noeff_QoL";"Clinical insight";"38.88 (29.16 - 48.23)";"Triangle";"weeks"
"230";"MVR, thoracotomy";"Surv_no_tx";"Delahaye J, Gare J, Viguier E, et al. European Heart Journal 1991;12(suppl B):5-9";"0.87 (0.86 - 0.89)";"Triangle";"Probability per year"
"231";"MVR, thoracotomy";"Surv_tx";"NHR";"0.95 (0.91 - 0.97)";"Triangle";"Probability per year"
"232";"MVR, thoracotomy";"QoL_no_tx";"Experts";"0.60 (0.50 - 0.72)";"Triangle";"Utility"
"233";"MVR, thoracotomy";"QoL_tx";"Experts";"0.78 (0.68 - 0.91)";"Triangle";"Utility"
"234";"MVR, thoracotomy";"Age";"NHR";"64.37 (51.47 - 76.09)";"Normal";"Years"
"235";"Endometriosis, resection";"Surv_no_tx";"Clinical insight";"0.99 (0.98 - 1.00)";"Triangle";"Probability per year"
"236";"Endometriosis, resection";"Surv_tx";"Clinical insight";"0.99 (0.98 - 1.00)";"Triangle";"Probability per year"
"237";"Endometriosis, resection";"QoL_no_tx";"Experts";"0.98 (0.97 - 0.99)";"Triangle";"Utility"
"238";"Endometriosis, resection";"QoL_tx";"Experts";"0.98 (0.97 - 0.99)";"Triangle";"Utility"
"239";"Endometriosis, resection";"Age";"Clinical insight";"33.80 (23.80 - 43.37)";"Triangle";"Years"
"240";"MI bladder ca, cystectomy";"Surv_no_tx";"Clinical insight";"0.61 (0.46 - 0.76)";"Triangle";"Probability per year"
"241";"MI bladder ca, cystectomy";"Surv_tx";"Clinical insight";"0.95 (0.92 - 0.97)";"Triangle";"Probability per year"
"242";"MI bladder ca, cystectomy";"QoL_no_tx";"Experts";"0.70 (0.65 - 0.74)";"Triangle";"Utility"
"243";"MI bladder ca, cystectomy";"QoL_tx";"Experts";"0.79 (0.77 - 0.81)";"Triangle";"Utility"
"244";"MI bladder ca, cystectomy";"Age";"Badalato G, Gaya J, Hruby G, et al. BJUI 2012;110:1471-1477";"68.69 (65.80 - 72.10)";"Normal";"Years"
"245";"MI bladder ca, cystectomy";"Time_noeff_Surv";"Tee C, Madii R, Daignault S, et al. The J of Urology 2006;175(4):1262-1267";"13.14 (7.49 - 19.09)";"Triangle";"Weeks"
"246";"Renal ca, partial nefrectomy";"Surv_no_tx";"Clinical insight";"0.93 (0.90 - 0.96)";"Triangle";"Probability per year"
"247";"Renal ca, partial nefrectomy";"Surv_tx";"IKNL";"0.99 (0.99 - 0.99)";"Triangle";"Probability per year"
"248";"Renal ca, partial nefrectomy";"QoL_no_tx";"Experts";"0.85 (0.82 - 0.87)";"Triangle";"Utility"
"249";"Renal ca, partial nefrectomy";"QoL_tx";"Experts";"0.97 (0.96 - 0.99)";"Triangle";"Utility"
"250";"Renal ca, partial nefrectomy";"Age";"Tan W, Trinh Q, Hayn M, et al. Urol Oncol 2020;38:74.e13-74.e20";"55.09 (48.91 - 60.31)";"Triangle";"Years"
"251";"Renal ca, partial nefrectomy";"Time_noeff_Surv";"Tan W, Trinh Q, Hayn M, et al. Urol Oncol 2020;38:74.e13-74.e20";"282.03 (210.52 - 345.58)";"Triangle";"Weeks"
"252";"Renal ca, total nefrectomy";"Surv_no_tx";"Clinical insight";"0.81 (0.76 - 0.86)";"Triangle";"Probability per year"
"253";"Renal ca, total nefrectomy";"Surv_tx";"IKNL";"0.95 (0.95 - 0.95)";"Triangle";"Probability per year"
"254";"Renal ca, total nefrectomy";"QoL_no_tx";"Experts";"0.78 (0.76 - 0.80)";"Triangle";"Utility"
"255";"Renal ca, total nefrectomy";"QoL_tx";"Experts";"0.93 (0.91 - 0.94)";"Triangle";"Utility"
"256";"Renal ca, total nefrectomy";"Age";"Janssen M, Linxweiler, Terwey S, et al. PLoS ONE 2018;13(5):e0196427";"61.97 (58.87 - 65.36)";"Triangle";"Years"
"257";"Renal ca, total nefrectomy";"Time_noeff_Surv";"Tan W, Trinh Q, Hayn M, et al. Urol Oncol 2020;38:74.e13-74.e20";"275.36 (203.64 - 346.34)";"Triangle";"Weeks"
"258";"Penis ca., resection";"Surv_no_tx";"Clinical insight";"0.65 (0.58 - 0.75)";"Triangle";"Probability per year"
"259";"Penis ca., resection";"Surv_tx";"IKNL";"0.96 (0.95 - 0.96)";"Triangle";"Probability per year"
"260";"Penis ca., resection";"QoL_no_tx";"Experts";"0.41 (0.37 - 0.45)";"Triangle";"Utility"
"261";"Penis ca., resection";"QoL_tx";"Experts";"0.55 (0.49 - 0.63)";"Triangle";"Utility"
"262";"Penis ca., resection";"Age";"Clinical insight";"64.86 (61.58 - 68.97)";"Triangle";"Years"
"263";"Penis ca., resection";"Time_noeff_Surv";"Clinical insight";"12.51 (6.46 - 18.92)";"Triangle";"Weeks"
"264";"Penis ca., resection";"Time_noeff_QoL";"Clinical insight";"6.05 (3.39 - 8.53)";"Triangle";"weeks"
"265";"PAD F3-4, bypass";"Surv_no_tx";"Calculated from tx effect";"0.86 (0.77 - 0.92)";"Calc_from_tx_eff";"Probability per year"
"266";"PAD F3-4, bypass";"Surv_tx";"Howard D, Banerjee A, Fairhead J, et al. Circulation 2015;132(19):1805-15";"0.86 (0.77 - 0.92)";"Triangle";"Probability per year"
"267";"PAD F3-4, bypass";"Tx_eff";"Clinical insight";"1.00 (0.98 - 1.02)";"Normal";"OR/HR/RR"
"268";"PAD F3-4, bypass";"QoL_no_tx";"Experts";"0.42 (0.37 - 0.46)";"Triangle";"Utility"
"269";"PAD F3-4, bypass";"QoL_tx";"Experts";"0.72 (0.68 - 0.78)";"Triangle";"Utility"
"270";"PAD F3-4, bypass";"Age";"Clinical insight";"69.36 (53.61 - 85.21)";"Triangle";"Years"
"271";"PAD F3-4, bypass";"Time_noeff_QoL";"Clinical insight";"2.99 (2.37 - 3.73)";"Triangle";"weeks"
